truth_id,text,truth_url,emotion_sadness,emotion_joy,emotion_love,emotion_anger,emotion_fear,emotion_surprise,rhetoric_Threat,rhetoric_Victory,rhetoric_Diplomacy,rhetoric_Ceasefire / Ending,rhetoric_Blame Allies,rhetoric_Media Criticism
116154493534592978,Trump’s bold move to rid the world of Iran’s evil regime once and for all: https://nypost.com/2026/02/28/opinion/trumps-bold-move-to-rid-the-world-of-irans-evil-regime-once-and-for-all/,https://truthsocial.com/@realDonaldTrump/116154493534592978,0.009111907333135605,0.8197683095932007,0.013203862123191357,0.14813897013664246,0.00571834109723568,0.004058638587594032,0.7944393754005432,0.9353222250938416,0.07775414735078812,0.8927226662635803,0.005695403087884188,0.23128555715084076
116152241303132753,"Iran just stated that they are going to hit very hard today, harder than they have ever been hit before. THEY BETTER NOT DO THAT, HOWEVER, BECAUSE IF THEY DO, WE WILL HIT THEM WITH A FORCE THAT HAS NEVER BEEN SEEN BEFORE! Thank you for your attention to this matter! President DONALD J. TRUMP",https://truthsocial.com/@realDonaldTrump/116152241303132753,0.0035451308358460665,0.969483494758606,0.008501358330249786,0.011912256479263306,0.0010333727113902569,0.005524421576410532,0.9986249208450317,0.9697151780128479,0.03806738927960396,0.02404491789638996,0.13057801127433777,0.45675480365753174
116150413051904167,"Khamenei, one of the most evil people in History, is dead. This is not only Justice for the people of Iran, but for all Great Americans, and those people from many Countries throughout the World, that have been killed or mutilated by Khamenei and his gang of bloodthirsty THUGS. He was unable to avoid our Intelligence and Highly Sophisticated Tracking Systems and, working closely with Israel, there was not a thing he, or the other leaders that have been killed along with him, could do. This is the single greatest chance for the Iranian people to take back their Country. We are hearing that many of their IRGC, Military, and other Security and Police Forces, no longer want to fight, and are looking for Immunity from us. As I said last night, “Now they can have Immunity, later they only get Death!” Hopefully, the IRGC and Police will peacefully merge with the Iranian Patriots, and work together as a unit to bring back the Country to the Greatness it deserves. That process should soon be starting in that, not only the death of Khamenei but the Country has been, in only one day, very much destroyed and, even, obliterated. The heavy and pinpoint bombing, however, will continue, uninterrupted throughout the week or, as long as necessary to achieve our objective of PEACE THROUGHOUT THE MIDDLE EAST AND, INDEED, THE WORLD!
Thank you for your attention to this matter.
PRESIDENT DONALD J. TRUMP",https://truthsocial.com/@realDonaldTrump/116150413051904167,0.0529763326048851,0.058279361575841904,0.0035925714764744043,0.8787597417831421,0.004091322887688875,0.0023006778210401535,0.6603316068649292,0.9272257685661316,0.008016420528292656,0.0473259761929512,0.03659890219569206,0.4097610116004944
116147572522796874,"Iran tried to interfere in 2020, 2024 elections to stop Trump, and now faces renewed war with United States:
https://justthenews.com/government/security/iranians-tried-interfere-2020-and-2024-stop-trump-iran-now-faces-possible-war",https://truthsocial.com/@realDonaldTrump/116147572522796874,0.002255801809951663,0.005696393549442291,0.0010374526027590036,0.9714689254760742,0.019022468477487564,0.000518988526891917,0.976250171661377,0.668383002281189,0.01794605515897274,0.3215133547782898,0.05274178087711334,0.5899282097816467
116152251973821428,"Iran just stated that they are going to hit very hard today, harder than they have ever hit before. THEY BETTER NOT DO THAT, HOWEVER, BECAUSE IF THEY DO, WE WILL HIT THEM WITH A FORCE THAT HAS NEVER BEEN SEEN BEFORE! Thank you for your attention to this matter! President DONALD J. TRUMP",https://truthsocial.com/@realDonaldTrump/116152251973821428,0.002474099164828658,0.9792567491531372,0.008818917907774448,0.0051581971347332,0.0006511753308586776,0.0036408251617103815,0.9985907077789307,0.9795204401016235,0.13388122618198395,0.03022809885442257,0.1934395581483841,0.4854225218296051
116153963970975385,Michael Goodwin: The death of Ayatollah Khamenei instantly makes the world a better place: https://nypost.com/2026/02/28/opinion/trump-stood-by-his-words-and-attacked-iran-ending-the-reign-of-khamenei/,https://truthsocial.com/@realDonaldTrump/116153963970975385,0.06442312896251678,0.6058682203292847,0.00792581494897604,0.2942158877849579,0.02033628709614277,0.007230590097606182,0.9953094720840454,0.952526867389679,0.04044588282704353,0.6822200417518616,0.056375376880168915,0.27182379364967346
116155069503653714,"I have just been informed that we have destroyed and sunk 9 Iranian Naval Ships, some of them relatively large and important. We are going after the rest — They will soon be floating at the bottom of the sea, also! In a different attack, we largely destroyed their Naval Headquarters. Other than that, their Navy is doing very well! PRESIDENT DONALD J. TRUMP",https://truthsocial.com/@realDonaldTrump/116155069503653714,0.10200102627277374,0.022886907681822777,0.0037675013300031424,0.8407410979270935,0.028196563944220543,0.002406894229352474,0.9850311875343323,0.9971661567687988,0.005673352628946304,0.09065870940685272,0.08502081036567688,0.3783664107322693
116166926920657651,"Effective IMMEDIATELY, I have ordered the United States Development Finance Corporation (DFC) to provide, at a very reasonable price, political risk insurance and guarantees for the Financial Security of ALL Maritime Trade, especially Energy, traveling through the Gulf. This will be available to all Shipping Lines. If necessary, the United States Navy will begin escorting tankers through the Strait of Hormuz, as soon as possible. No matter what, the United States will ensure the FREE FLOW of ENERGY to the WORLD. The United States’ ECONOMIC and MILITARY MIGHT is the GREATEST ON EARTH — More actions to come. Thank you for your attention to this matter! President DONALD J. TRUMP",https://truthsocial.com/@realDonaldTrump/116166926920657651,0.0046399980783462524,0.9399869441986084,0.010918372310698032,0.03983660787343979,0.0028622413519769907,0.0017558929976075888,0.27135053277015686,0.9314570426940918,0.022960849106311798,0.156079962849617,0.031820908188819885,0.2389475256204605
116165373479209735,"Have unlimited mid to upper tier Weaponry - Brutal “stuff.” Wall Street Journal story was wrong, and a disgrace. President DJT
https://www.washingtonpost.com/opinions/2026/03/03/iran-strike-venezuela-military-trump-doctrine/?pwapi_token=eyJ0eXAiOiJKV1QiLCJhbGciOiJIUzI1NiJ9",https://truthsocial.com/@realDonaldTrump/116165373479209735,0.0015262810047715902,0.0014427658170461655,0.0005069392500445247,0.995396077632904,0.0007167581934481859,0.0004111445159651339,0.9914611577987671,0.9363254308700562,0.032119084149599075,0.5109427571296692,0.11745593696832657,0.8284558653831482
116165282347349425,"Their air defense, Air Force, Navy, and Leadership is gone. They want to talk. I said “Too Late!”
https://www.washingtonpost.com/opinions/2026/03/03/iran-strike-venezuela-military-trump-doctrine/?pwapi_token=eyJ0eXAiOiJKV1QiLCJhbGciOiJIUzI1NiJ9",https://truthsocial.com/@realDonaldTrump/116165282347349425,0.4253634214401245,0.11915881186723709,0.005903215147554874,0.4429948031902313,0.004148336127400398,0.0024314422626048326,0.9138810634613037,0.8818214535713196,0.25686338543891907,0.5844475030899048,0.16294416785240173,0.6331659555435181
116165200090740839,NATO Secretary General Mark Rutte praises 'Operation Epic Fury' strikes on Iran: https://www.foxnews.com/video/6390268301112,https://truthsocial.com/@realDonaldTrump/116165200090740839,0.022537048906087875,0.6737874746322632,0.0786837488412857,0.16990900039672852,0.017049025744199753,0.038033682852983475,0.9934613704681396,0.9914534687995911,0.0019805002957582474,0.21534854173660278,0.000728512357454747,0.05860140174627304
116174757064824630,NATO Chief Rutte to Newsmax: Trump's Iran Mission Has Broad Allied Support: https://www.newsmax.com/newsmax-tv/nato-chief-rutte-to-newsmax-trumps-iran-mission-has-broad-allied-support/2026/03/04/id/1248354/,https://truthsocial.com/@realDonaldTrump/116174757064824630,0.013459528796374798,0.8944206237792969,0.03466429188847542,0.026180531829595566,0.02804652228951454,0.003228656016290188,0.17673583328723907,0.6196945905685425,0.802966296672821,0.4647217094898224,0.0007572337635792792,0.070813849568367
116177065488835367,Melania Trump makes history presiding over UN Security Council — remarking on Iran war deaths: https://nypost.com/2026/03/02/us-news/melania-trump-makes-history-presiding-over-un-security-council-acknowledges-challenging-times/,https://truthsocial.com/@realDonaldTrump/116177065488835367,0.032087069004774094,0.12825623154640198,0.060935407876968384,0.744430422782898,0.023343680426478386,0.010947208851575851,0.11353140324354172,0.15011274814605713,0.17142245173454285,0.2860073745250702,0.017363857477903366,0.07623643428087234
116202053313332968,52% of US Likely Voters support Trump’s decision to strike Iran: Poll: https://justthenews.com/politics-policy/polling/52-us-likely-voters-support-trumps-decision-strike-iran-poll,https://truthsocial.com/@realDonaldTrump/116202053313332968,0.014098784886300564,0.8409092426300049,0.06186312437057495,0.05848391726613045,0.02057301625609398,0.004072013311088085,0.982987105846405,0.8590343594551086,0.009314698167145252,0.4519144296646118,0.009143962524831295,0.008330503478646278
116200028617921781,"I just spoke to Prime Minister Anthony Albanese, of Australia, concerning the Iranian National Women’s Soccer Team. He’s on it! Five have already been taken care of, and the rest are on their way. Some, however, feel they must go back because they are worried about the safety of their families, including threats to those family members if they don’t return. In any event, the Prime Minister is doing a very good job having to do with this rather delicate situation. God bless Australia! President DONALD J. TRUMP",https://truthsocial.com/@realDonaldTrump/116200028617921781,0.0003895014524459839,0.0005647587240673602,0.00029917818028479815,0.0024806102737784386,0.9961395859718323,0.00012640535715036094,0.1033163070678711,0.6363094449043274,0.8207477927207947,0.45666617155075073,0.02987712249159813,0.32912325859069824
116199640636892669,"Australia is making a terrible humanitarian mistake by allowing the Iran National Woman’s Soccer team to be forced back to Iran, where they will most likely be killed. Don’t do it, Mr. Prime Minister, give ASYLUM. The U.S. will take them if you won’t. Thank you for your attention to this matter. President DONALD J. TRUMP",https://truthsocial.com/@realDonaldTrump/116199640636892669,0.19816777110099792,0.232090562582016,0.010115095414221287,0.544978141784668,0.011713162064552307,0.0029351667035371065,0.2871260643005371,0.39595863223075867,0.10648421943187714,0.41887176036834717,0.07089719921350479,0.2749611735343933
116187586876366061,"Iran, which is being beat to HELL, has apologized and surrendered to its Middle East neighbors, and promised that it will not shoot at them anymore. This promise was only made because of the relentless U.S. and Israeli attack. They were looking to take over and rule the Middle East. It is the first time that Iran has ever lost, in thousands of years, to surrounding Middle Eastern Countries. They have said, “Thank you President Trump.” I have said, “You’re welcome!” Iran is no longer the “Bully of the Middle East,” they are, instead, “THE LOSER OF THE MIDDLE EAST,” and will be for many decades until they surrender or, more likely, completely collapse! Today Iran will be hit very hard! Under serious consideration for complete destruction and certain death, because of Iran’s bad behavior, are areas and groups of people that were not considered for targeting up until this moment in time. Thank you for your attention to this matter! President DONALD J. TRUMP",https://truthsocial.com/@realDonaldTrump/116187586876366061,0.1736871749162674,0.5094267129898071,0.01620175875723362,0.2930436134338379,0.003291622269898653,0.004349124617874622,0.9520094990730286,0.959315836429596,0.061423592269420624,0.287180632352829,0.029204584658145905,0.45422831177711487
116196014942465383,"Short term oil prices, which will drop rapidly when the destruction of the Iran nuclear threat is over, is a very small price to pay for U.S.A., and World, Safety and Peace. ONLY FOOLS WOULD THINK DIFFERENTLY!President DJT",https://truthsocial.com/@realDonaldTrump/116196014942465383,0.03312795236706734,0.13072572648525238,0.002206631237640977,0.8208647966384888,0.008901814930140972,0.0041730524972081184,0.032937705516815186,0.6283805966377258,0.048978012055158615,0.33660632371902466,0.01367999892681837,0.14775033295154572
116202054617775180,"If Iran does anything that stops the flow of Oil within the Strait of Hormuz, they will be hit by the United States of America TWENTY TIMES HARDER than they have been hit thus far. Additionally, we will take out easily destroyable targets that will make it virtually impossible for Iran to ever be built back, as a Nation, again — Death, Fire, and Fury will reign upon them — But I hope, and pray, that it does not happen! This is a gift from the United States of America to China, and all of those Nations that heavily use the Hormuz Strait. Hopefully, it is a gesture that will be greatly appreciated. Thank you for your attention to this matter! President DONALD J. TRUMP",https://truthsocial.com/@realDonaldTrump/116202054617775180,0.0009735649218782783,0.9867048263549805,0.010369748808443546,0.0009442074224352837,0.0003291343746241182,0.0006786215817555785,0.9990976452827454,0.9478116631507874,0.00145022536162287,0.011703959666192532,0.02617885358631611,0.2795408368110657
116256217083523012,Khamenei’s Unforced Errors Proved Fatal: https://www.wsj.com/opinion/khameneis-unforced-errors-proved-fatal-635fb5e4,https://truthsocial.com/@realDonaldTrump/116256217083523012,0.7496920228004456,0.13343951106071472,0.00563365314155817,0.05921880900859833,0.04290304332971573,0.00911287683993578,0.03136373683810234,0.08977070450782776,0.020156867802143097,0.03216424211859703,0.00971180759370327,0.05938354879617691
116256215639879243,MORNING GLORY: Why Trump must finish what he started with Iran’s regime: https://www.foxnews.com/opinion/morning-glory-why-trump-must-finish-what-he-started-irans-regime,https://truthsocial.com/@realDonaldTrump/116256215639879243,0.03773563727736473,0.4581811726093292,0.016919417306780815,0.4552975296974182,0.01679408550262451,0.015072246082127094,0.7148205637931824,0.887307345867157,0.39878538250923157,0.5301046967506409,0.005722702015191317,0.1583491563796997
116269822349947644,"If Iran doesn’t FULLY OPEN, WITHOUT THREAT, the Strait of Hormuz, within 48 HOURS from this exact point in time, the United States of America will hit and obliterate their various POWER PLANTS, STARTING WITH THE BIGGEST ONE FIRST! Thank you for your attention to this matter. President DONALD J. TRUMP",https://truthsocial.com/@realDonaldTrump/116269822349947644,0.023062443360686302,0.658383309841156,0.014226701110601425,0.26801252365112305,0.026875866577029228,0.009439115412533283,0.9987465143203735,0.9357649087905884,0.0025583216920495033,0.0036812436301261187,0.04842202365398407,0.19664014875888824
116269555618597105,"The United States has blown Iran off of the map, and yet their lightweight analyst, David Sanger, says that I haven’t met my own goals. Yes I have, and weeks ahead of schedule! Their leadership is gone, their navy and air force are dead, they have absolutely no defense, and they want to make a deal. I don’t! We are weeks ahead of schedule. Just like their incompetent Election coverage of me, The Failing New York Times always gets it wrong! President DJT",https://truthsocial.com/@realDonaldTrump/116269555618597105,0.896923303604126,0.018826909363269806,0.0008515160880051553,0.08120937645435333,0.0016210395842790604,0.0005678706802427769,0.8904959559440613,0.9977347254753113,0.7769697904586792,0.7741832733154297,0.061710286885499954,0.9379831552505493
116263563453969628,"We are getting very close to meeting our objectives as we consider winding down our great Military efforts in the Middle East with respect to the Terrorist Regime of Iran: (1) Completely degrading Iranian Missile Capability, Launchers, and everything else pertaining to them. (2) Destroying Iran’s Defense Industrial Base. (3) Eliminating their Navy and Air Force, including Anti Aircraft Weaponry. (4) Never allowing Iran to get even close to Nuclear Capability, and always being in a position where the U.S.A. can quickly and powerfully react to such a situation, should it take place. (5) Protecting, at the highest level, our Middle Eastern Allies, including Israel, Saudi Arabia, Qatar, the United Arab Emirates, Bahrain, Kuwait, and others. The Hormuz Strait will have to be guarded and policed, as necessary, by other Nations who use it — The United States does not! If asked, we will help these Countries in their Hormuz efforts, but it shouldn’t be necessary once Iran’s threat is eradicated. Importantly, it will be an easy Military Operation for them. Thank you for your attention to this matter! President DONALD J. TRUMP",https://truthsocial.com/@realDonaldTrump/116263563453969628,0.03529650717973709,0.5429074168205261,0.008633331395685673,0.39470425248146057,0.0143058393150568,0.004152658861130476,0.8367283344268799,0.9643554091453552,0.0020254612900316715,0.33208227157592773,0.014270666986703873,0.5433580279350281
116261796648776538,"Without the U.S.A., NATO IS A PAPER TIGER! They didn’t want to join the fight to stop a Nuclear Powered Iran. Now that fight is Militarily WON, with very little danger for them, they complain about the high oil prices they are forced to pay, but don’t want to help open the Strait of Hormuz, a simple military maneuver that is the single reason for the high oil prices. So easy for them to do, with so little risk. COWARDS, and we will REMEMBER! President DONALD J. TRUMP",https://truthsocial.com/@realDonaldTrump/116261796648776538,0.09167230129241943,0.012117760255932808,0.001127003226429224,0.8934885263442993,0.001028273836709559,0.0005661439499817789,0.4568885862827301,0.9540886282920837,0.004985906183719635,0.5229849815368652,0.9902393221855164,0.8444448113441467
116255809955960965,"Media, lawmakers downplay threat from the Iran regime, but evidence shows the true scope of danger: https://justthenews.com/government/security/media-and-lawmakers-downplay-threat-iran-regime-public-evidence-shows-true",https://truthsocial.com/@realDonaldTrump/116255809955960965,0.003607899183407426,0.06212575361132622,0.0022957720793783665,0.031194545328617096,0.8991929888725281,0.0015831048367545009,0.6571727991104126,0.013526855036616325,0.01667925901710987,0.1958746612071991,0.01081814244389534,0.038409218192100525
116256218451397252,The Left Is Petrified That Trump Will Succeed in Iran and Expose Them As Mind-Twisted Frauds: https://townhall.com/columnists/douglasmackinnon/2026/03/02/the-left-is-petrified-that-trump-will-succeed-in-iran-and-expose-them-as-mind-twisted-frauds-n2672119,https://truthsocial.com/@realDonaldTrump/116256218451397252,0.0008900026441551745,0.0007798770675435662,0.00021835042571183294,0.004271277226507664,0.9935792684555054,0.0002611404052004218,0.43807923793792725,0.9024146199226379,0.7643178701400757,0.24383370578289032,0.10447367280721664,0.9157688617706299
116295045718240014,"The Iranian negotiators are very different and “strange.” They are “begging” us to make a deal, which they should be doing since they have been militarily obliterated, with zero chance of a comeback, and yet they publicly state that they are only “looking at our proposal.” WRONG!!! They better get serious soon, before it is too late, because once that happens, there is NO TURNING BACK, and it won’t be pretty! President DJT",https://truthsocial.com/@realDonaldTrump/116295045718240014,0.0036486138124018908,0.020570285618305206,0.00100452930200845,0.1169310063123703,0.8415747284889221,0.01627088338136673,0.5545772314071655,0.9175609350204468,0.9478880763053894,0.6035662889480591,0.039298538118600845,0.30672842264175415
116294956989451533,"NATO NATIONS HAVE DONE ABSOLUTELY NOTHING TO HELP WITH THE LUNATIC NATION, NOW MILITARILY DECIMATED, OF IRAN. THE U.S.A. NEEDS NOTHING FROM NATO, BUT “NEVER FORGET” THIS VERY IMPORTANT POINT IN TIME! President DONALD J. TRUMP",https://truthsocial.com/@realDonaldTrump/116294956989451533,0.09071783721446991,0.7008439898490906,0.0026447190903127193,0.18272510170936584,0.0190147515386343,0.0040536136366426945,0.9294474124908447,0.9708967804908752,0.04746948182582855,0.04463758319616318,0.9961749911308289,0.3837350904941559
116297295543838717,"As per Iranian Government request, please let this statement serve to represent that I am pausing the period of Energy Plant destruction by 10 Days to Monday, April 6, 2026, at 8 P.M., Eastern Time. Talks are ongoing and, despite erroneous statements to the contrary by the Fake News Media, and others, they are going very well. Thank you for your attention to this matter! President DONALD J. TRUMP",https://truthsocial.com/@realDonaldTrump/116297295543838717,0.33367615938186646,0.5406056642532349,0.0021674197632819414,0.05643261596560478,0.06409280002117157,0.003025318495929241,0.0070495097897946835,0.028529852628707886,0.4744156002998352,0.6051961183547974,0.003422259818762541,0.6189863681793213
116302505060458396,Going to make a big speech on economics in Miami. Our Military Operation in Iran is going GREAT! President DJT,https://truthsocial.com/@realDonaldTrump/116302505060458396,0.0006817975081503391,0.9966462254524231,0.00030721264192834496,0.0012053980026394129,0.0004953023744747043,0.0006639388739131391,0.07073614746332169,0.9915895462036133,0.3207983374595642,0.8019712567329407,0.015833808109164238,0.21610794961452484
116308992209421747,"Watch Mark Levin interview of Brilliant Marc Thiessen tonight at 8:00 P.M., on FoxNews. Will discuss the importance of hitting Iran, HARD!!! President DJT",https://truthsocial.com/@realDonaldTrump/116308992209421747,0.0009210587595589459,0.9923747181892395,0.0011077430099248886,0.001763208070769906,0.0010196572402492166,0.0028135599568486214,0.9649248719215393,0.8557680249214172,0.019131554290652275,0.4502023160457611,0.053361792117357254,0.20702947676181793
116309190231389438,"No, Trump is not losing his nerve on Iran: https://www.washingtonpost.com/opinions/2026/03/26/strait-hormuz-kharg-island-iran-war-victory-trump/",https://truthsocial.com/@realDonaldTrump/116309190231389438,0.04791739955544472,0.3721329867839813,0.01501182746142149,0.5287246108055115,0.029896780848503113,0.006316331680864096,0.9523972868919373,0.98746258020401,0.21062923967838287,0.4012160003185272,0.026189325377345085,0.2655037045478821
116317880658472708,"The United States of America is in serious discussions with A NEW, AND MORE REASONABLE, REGIME to end our Military Operations in Iran. Great progress has been made but, if for any reason a deal is not shortly reached, which it probably will be, and if the Hormuz Strait is not immediately “Open for Business,” we will conclude our lovely “stay” in Iran by blowing up and completely obliterating all of their Electric Generating Plants, Oil Wells and Kharg Island (and possibly all desalinization plants!), which we have purposefully not yet “touched.” This will be in retribution for our many soldiers, and others, that Iran has butchered and killed over the old Regime’s 47 year “Reign of Terror.” Thank you for your attention to this matter. President DONALD J. TRUMP",https://truthsocial.com/@realDonaldTrump/116317880658472708,0.0003545730432961136,0.0033831277396529913,0.9954476952552795,0.0004311184457037598,0.00018982231267727911,0.0001936323387781158,0.9908010959625244,0.7757532000541687,0.6327915787696838,0.4982161819934845,0.027653144672513008,0.29395726323127747
116315768155415029,"Big day in Iran. Many long sought after targets have been taken out and destroyed by our GREAT MILITARY, the finest and most lethal in the World. God bless you all! President DJT",https://truthsocial.com/@realDonaldTrump/116315768155415029,0.006856035906821489,0.9191480875015259,0.00489739840850234,0.062247246503829956,0.0022780480794608593,0.004573047161102295,0.826682984828949,0.9948158860206604,0.0607040598988533,0.15918828547000885,0.010923916473984718,0.16255000233650208
116318120548204193,The current war in Iran may prevent much greater bloodshed: https://thehill.com/opinion/national-security/5804535-the-current-war-in-iran-may-prevent-much-greater-bloodshed/,https://truthsocial.com/@realDonaldTrump/116318120548204193,0.09660601615905762,0.1752997487783432,0.007068148348480463,0.49559226632118225,0.22159013152122498,0.003843739628791809,0.47043031454086304,0.4510916769504547,0.0004341298481449485,0.1953980028629303,0.0016863386845216155,0.05276348814368248
116323516183718262,"The Country of France wouldn’t let planes headed to Israel, loaded up with military supplies, fly over French territory. France has been VERY UNHELPFUL with respect to the “Butcher of Iran,” who has been successfully eliminated! The U.S.A. will REMEMBER!!! President DJT",https://truthsocial.com/@realDonaldTrump/116323516183718262,0.008583266288042068,0.0008083878783509135,0.00031914858845993876,0.9897432923316956,0.0003928131773136556,0.00015318451914936304,0.3735596835613251,0.9582720994949341,0.12301738560199738,0.6549456715583801,0.9704386591911316,0.6070181131362915
116323481956698353,"All of those countries that can’t get jet fuel because of the Strait of Hormuz, like the United Kingdom, which refused to get involved in the decapitation of Iran, I have a suggestion for you: Number 1, buy from the U.S., we have plenty, and Number 2, build up some delayed courage, go to the Strait, and just TAKE IT. You’ll have to start learning how to fight for yourself, the U.S.A. won’t be there to help you anymore, just like you weren’t there for us. Iran has been, essentially, decimated. The hard part is done. Go get your own oil! President DJT",https://truthsocial.com/@realDonaldTrump/116323481956698353,0.10976221412420273,0.028537752106785774,0.0014276092406362295,0.8423887491226196,0.017132675275206566,0.0007510097348131239,0.9685724377632141,0.9793112277984619,0.016828017309308052,0.22251518070697784,0.9191467761993408,0.5349112153053284
116329512466946656,"Iran’s New Regime President, much less Radicalized and far more intelligent than his predecessors, has just asked the United States of America for a CEASEFIRE! We will consider when Hormuz Strait is open, free, and clear. Until then, we are blasting Iran into oblivion or, as they say, back to the Stone Ages!!! President DJT",https://truthsocial.com/@realDonaldTrump/116329512466946656,0.0015457322588190436,0.004577814135700464,0.0005835716729052365,0.9917488098144531,0.0010720016434788704,0.0004722149751614779,0.9838091731071472,0.9683798551559448,0.007242653053253889,0.9010514616966248,0.08957666903734207,0.5223114490509033
116332855637584819,Democratic pollster: Benefit of defanging Iran far outweighs cost of war: https://nypost.com/2026/04/01/opinion/democratic-pollster-benefit-of-defanging-iran-far-outweighs-cost-of-war/,https://truthsocial.com/@realDonaldTrump/116332855637584819,0.05627862364053726,0.7928460240364075,0.01768215000629425,0.10693137347698212,0.02000471018254757,0.006257111672312021,0.27870017290115356,0.8938800692558289,0.19829145073890686,0.5125406980514526,0.016678815707564354,0.07946918904781342
116338464010194156,"Our Military, the greatest and most powerful (by far!) anywhere in the World, hasn’t even started destroying what’s left in Iran. Bridges next, then Electric Power Plants! New Regime leadership knows what has to be done, and has to be done, FAST! President DONALD J.TRUMP",https://truthsocial.com/@realDonaldTrump/116338464010194156,0.0079842209815979,0.18100333213806152,0.003721019020304084,0.7984846234321594,0.004816421773284674,0.00399028742685914,0.9909138083457947,0.9895654320716858,0.007950988598167896,0.11252353340387344,0.07477530092000961,0.6893454194068909
116340751005894827,"With a little more time, we can easily OPEN THE HORMUZ STRAIT, TAKE THE OIL, & MAKE A FORTUNE. IT WOULD BE A “GUSHER” FOR THE WORLD??? President DONALD J. TRUMP",https://truthsocial.com/@realDonaldTrump/116340751005894827,0.007217655889689922,0.9671965837478638,0.001792718656361103,0.017478402704000473,0.0035605391021817923,0.002754154149442911,0.929825484752655,0.973555862903595,0.7435215711593628,0.7417476177215576,0.20442190766334534,0.727604866027832
116336091138489301,"The biggest bridge in Iran comes tumbling down, never to be used again — Much more to follow! IT IS TIME FOR IRAN TO MAKE A DEAL BEFORE IT IS TOO LATE, AND THERE IS NOTHING LEFT OF WHAT STILL COULD BECOME A GREAT COUNTRY! President DONALD J. TRUMP",https://truthsocial.com/@realDonaldTrump/116336091138489301,0.005169994663447142,0.9790382385253906,0.0009783367859199643,0.010004944168031216,0.0010332526871934533,0.0037752790376544,0.995110273361206,0.9852871298789978,0.8987597823143005,0.3228762447834015,0.09414047747850418,0.5529257655143738
116351998782539414,"Tuesday will be Power Plant Day, and Bridge Day, all wrapped up in one, in Iran. There will be nothing like it!!! Open the Fuckin’ Strait, you crazy bastards, or you’ll be living in Hell - JUST WATCH! Praise be to Allah. President DONALD J. TRUMP",https://truthsocial.com/@realDonaldTrump/116351998782539414,0.001138550229370594,0.008082898333668709,0.0006607215036638081,0.9853087067604065,0.003621309995651245,0.0011877777287736535,0.9969643354415894,0.835627555847168,0.03388077765703201,0.19809111952781677,0.4650701880455017,0.8001306653022766
116351956955900185,"We have rescued the seriously wounded, and really brave, F-15 Crew Member/Officer, from deep inside the mountains of Iran. The Iranian Military was looking hard, in big numbers, and getting close. He is a highly respected Colonel. This type of raid is seldom attempted because of the danger to “man and equipment.” It just doesn’t happen! The second raid came after the first one, where we rescued the pilot in broad daylight, also unusual, spending seven hours over Iran. An AMAZING show of bravery and talent by all! I will be having a News Conference, with the Military, at the Oval Office, on Monday, at 1:00 P.M. God Bless our great MILITARY WARRIORS! President DONALD J. TRUMP",https://truthsocial.com/@realDonaldTrump/116351956955900185,0.001181062194518745,0.952793538570404,0.0009654926834627986,0.0017994221998378634,0.0012975160498172045,0.04196292534470558,0.2008923441171646,0.9811710715293884,0.10759996622800827,0.17409858107566833,0.02726922556757927,0.3115907609462738
116348358117196662,"Many of Iran’s Military Leaders, who have led them poorly and unwisely, are terminated, along with much else, with this massive strike in Tehran! President DONALD J. TRUMP",https://truthsocial.com/@realDonaldTrump/116348358117196662,0.4845805764198303,0.020846208557486534,0.0022311110515147448,0.4866219460964203,0.004147126339375973,0.0015729821752756834,0.9793420433998108,0.9767475724220276,0.007588013540953398,0.3600102961063385,0.015770304948091507,0.45311251282691956
116346686438015338,"Not only were the jobs numbers GREAT yesterday, 178,000 new jobs, but the TRADE DEFICIT was down 55%, the biggest drop in history. THANK YOU MR. TARIFF! All of this and, simultaneously, getting rid of a Nuclear Iran. MAGA!!!",https://truthsocial.com/@realDonaldTrump/116346686438015338,0.039877697825431824,0.9457083344459534,0.002702555153518915,0.009168497286736965,0.0009481777087785304,0.0015946245985105634,0.03316221758723259,0.99195396900177,0.5130342245101929,0.2911098599433899,0.003978951368480921,0.06680012494325638
116346816254869135,Remember when I gave Iran ten days to MAKE A DEAL or OPEN UP THE HORMUZ STRAIT. Time is running out - 48 hours before all Hell will reign down on them. Glory be to GOD! President DONALD J. TRUMP,https://truthsocial.com/@realDonaldTrump/116346816254869135,0.07956334203481674,0.4846057593822479,0.00720344390720129,0.41729140281677246,0.004955308511853218,0.006380768492817879,0.9938907623291016,0.956960141658783,0.8523384928703308,0.4060947299003601,0.08109816163778305,0.4675888121128082
116350133044957842,"FROM PRESIDENT DONALD J. TRUMP
WE GOT HIM! My fellow Americans, over the past several hours, the United States Military pulled off one of the most daring Search and Rescue Operations in U.S. History, for one of our incredible Crew Member Officers, who also happens to be a highly respected Colonel, and who I am thrilled to let you know is now SAFE and SOUND! This brave Warrior was behind enemy lines in the treacherous mountains of Iran, being hunted down by our enemies, who were getting closer and closer by the hour, but was never truly alone because his Commander in Chief, Secretary of War, Chairman of the Joint Chiefs of Staff, and fellow Warfighters were monitoring his location 24 hours a day, and diligently planning for his rescue. At my direction, the U.S. Military sent dozens of aircraft, armed with the most lethal weapons in the World, to retrieve him. He sustained injuries, but he will be just fine. This miraculous Search and Rescue Operation comes in addition to a successful rescue of another brave Pilot, yesterday, which we did not confirm, because we did not want to jeopardize our second rescue operation. This is the first time in military memory that two U.S. Pilots have been rescued, separately, deep in Enemy Territory. WE WILL NEVER LEAVE AN AMERICAN WARFIGHTER BEHIND! The fact that we were able to pull off both of these operations, without a SINGLE American killed, or even wounded, just proves once again, that we have achieved overwhelming Air Dominance and Superiority over the Iranian skies. This is a moment that ALL Americans, Republican, Democrat, and everyone else, should be proud of and united around. We truly have the best, most professional, and lethal Military in the History of the World. GOD BLESS AMERICA, GOD BLESS OUR TROOPS, AND HAPPY EASTER TO ALL!",https://truthsocial.com/@realDonaldTrump/116350133044957842,0.0003376636013854295,0.9977830052375793,0.00032877930789254606,0.00028063071658834815,0.00022645751596428454,0.001043496886268258,0.15832318365573883,0.9628711342811584,0.017506301403045654,0.020614050328731537,0.01596640609204769,0.25665175914764404
116367005523554168,"No one can believe that Fake News CNN put out a knowingly false and dangerous statement pretending it came from the upper levels of the Iranian Government. It didn’t! It was totally made up and posted, as a headline, for purpose of, perhaps, inflaming a very delicate situation. It was a new, trouble making site from Nigeria, and CNN just got caught cheating - A very dangerous thing to do!",https://truthsocial.com/@realDonaldTrump/116367005523554168,0.0005619560834020376,0.0012829586630687118,0.00027256723842583597,0.9940166473388672,0.0036415066570043564,0.00022425751376431435,0.009506766684353352,0.0076320478692650795,0.012302804738283157,0.015181168913841248,0.0035910126753151417,0.9083788990974426
116366146721038653,"The alleged Statement put out by CNN World News is a FRAUD, as CNN well knows. The false Statement was linked to a Fake News site (from Nigeria) and, of course, immediately picked up by CNN, and blared out as a “legitimate” headline. The Official Statement by Iran was just released, and posted on TRUTH, below. Authorities are looking to determine whether or not a crime was committed on the issuance of the Fake CNN World Statement, or was it a sick rogue player? CNN is being ordered to immediately withdraw this Statement with full apologies for their, as usual, terrible “reporting.” Results of the investigation will be announced in the near future. President DONALD J. TRUMP",https://truthsocial.com/@realDonaldTrump/116366146721038653,0.05876011401414871,0.02155424654483795,0.0020765052177011967,0.7107240557670593,0.20408718287944794,0.002797793596982956,0.005904964171350002,0.10594646632671356,0.07439251244068146,0.06887205690145493,0.04628034681081772,0.5234942436218262
116366072136989268,OFFICIAL STATEMENT OF IRAN:,https://truthsocial.com/@realDonaldTrump/116366072136989268,0.04372784495353699,0.2622886300086975,0.043767690658569336,0.33398887515068054,0.27822938561439514,0.037997499108314514,0.00031623514951206744,0.0008835304179228842,0.11119318008422852,0.8584172129631042,0.028501708060503006,0.037512585520744324
116365796713313030,"Based on conversations with Prime Minister Shehbaz Sharif and Field Marshal Asim Munir, of Pakistan, and wherein they requested that I hold off the destructive force being sent tonight to Iran, and subject to the Islamic Republic of Iran agreeing to the COMPLETE, IMMEDIATE, and SAFE OPENING of the Strait of Hormuz, I agree to suspend the bombing and attack of Iran for a period of two weeks. This will be a double sided CEASEFIRE! The reason for doing so is that we have already met and exceeded all Military objectives, and are very far along with a definitive Agreement concerning Longterm PEACE with Iran, and PEACE in the Middle East. We received a 10 point proposal from Iran, and believe it is a workable basis on which to negotiate. Almost all of the various points of past contention have been agreed to between the United States and Iran, but a two week period will allow the Agreement to be finalized and consummated. On behalf of the United States of America, as President, and also representing the Countries of the Middle East, it is an Honor to have this Longterm problem close to resolution. Thank you for your attention to this matter! President DONALD J. TRUMP",https://truthsocial.com/@realDonaldTrump/116365796713313030,0.012404773384332657,0.70665043592453,0.019849948585033417,0.2525627315044403,0.004918497055768967,0.003613594453781843,0.6080877780914307,0.970193088054657,0.9627459645271301,0.9935148358345032,0.03674865514039993,0.5555731058120728
116363336033995961,"A whole civilization will die tonight, never to be brought back again. I don’t want that to happen, but it probably will. However, now that we have Complete and Total Regime Change, where different, smarter, and less radicalized minds prevail, maybe something revolutionarily wonderful can happen, WHO KNOWS? We will find out tonight, one of the most important moments in the long and complex history of the World. 47 years of extortion, corruption, and death, will finally end. God Bless the Great People of Iran!",https://truthsocial.com/@realDonaldTrump/116363336033995961,0.0017434435430914164,0.9930873513221741,0.0006504631601274014,0.0030846872832626104,0.0003733036282937974,0.0010608655866235495,0.36871108412742615,0.7433794140815735,0.006676745135337114,0.30285221338272095,0.021032530814409256,0.24339596927165985
116372694697146221,"All U.S. Ships, Aircraft, and Military Personnel, with additional Ammunition, Weaponry, and anything else that is appropriate and necessary for the lethal prosecution and destruction of an already substantially degraded Enemy, will remain in place in, and around, Iran, until such time as the REAL AGREEMENT reached is fully complied with. If for any reason it is not, which is highly unlikely, then the “Shootin’ Starts,” bigger, and better, and stronger than anyone has ever seen before. It was agreed, a long time ago, and despite all of the fake rhetoric to the contrary - NO NUCLEAR WEAPONS and, the Strait of Hormuz WILL BE OPEN & SAFE. In the meantime our great Military is Loading Up and Resting, looking forward, actually, to its next Conquest. AMERICA IS BACK!",https://truthsocial.com/@realDonaldTrump/116372694697146221,0.056904811412096024,0.8528915643692017,0.0023909499868750572,0.06922246515750885,0.013487864285707474,0.005102295894175768,0.9520274996757507,0.9351825714111328,0.012529115192592144,0.02594437077641487,0.0497625470161438,0.3732764720916748
116369934305888462,"Numerous Agreements, Lists, and Letters are being sent out by people that have absolutely nothing to do with the U.S.A. / Iran Negotiation, in many cases, they are total Fraudsters, Charlatans, and WORSE. They will be rapidly exposed after our Federal Investigation is completed. There is only one group of meaningful “POINTS” that are acceptable to the United States, and we will be discussing them behind closed doors during these Negotiations. These are the POINTS that are the basis on which we agreed to a CEASEFIRE. It is something that is reasonable, and can easily be dispensed with. It’s very much like Fake News CNN last night, headlining a “source” that had no power or authority to write a Letter claiming great authority. President DONALD J. TRUMP",https://truthsocial.com/@realDonaldTrump/116369934305888462,0.10261892527341843,0.35728567838668823,0.004105043597519398,0.4543934166431427,0.07639103382825851,0.005205824039876461,0.001988911535590887,0.0979706272482872,0.6108036637306213,0.9146056175231934,0.029871217906475067,0.2570740580558777
116368825638596650,"The United States will work closely with Iran, which we have determined has gone through what will be a very productive Regime Change! There will be no enrichment of Uranium, and the United States will, working with Iran, dig up and remove all of the deeply buried (B-2 Bombers) Nuclear “Dust.” It is now, and has been, under very exacting Satellite Surveillance (Space Force!). Nothing has been touched from the date of attack. We are, and will be, talking Tariff and Sanctions relief with Iran. Many of the 15 points have already been been agreed to. Thank you for your attention to this matter. President DONALD J. TRUMP",https://truthsocial.com/@realDonaldTrump/116368825638596650,0.008609962649643421,0.8855883479118347,0.023027494549751282,0.07614525407552719,0.0037691504694521427,0.0028596464544534683,0.0038351472467184067,0.9239941835403442,0.9489004611968994,0.2442885935306549,0.012413768097758293,0.19696104526519775
116367088879643074,"A big day for World Peace! Iran wants it to happen, they’ve had enough! Likewise, so has everyone else! The United States of America will be helping with the traffic buildup in the Strait of Hormuz. There will be lots of positive action! Big money will be made. Iran can start the reconstruction process. We’ll be loading up with supplies of all kinds, and just “hangin’ around” in order to make sure that everything goes well. I feel confident that it will. Just like we are experiencing in the U.S., this could be the Golden Age of the Middle East!!! President DONALD J. TRUMP",https://truthsocial.com/@realDonaldTrump/116367088879643074,0.0003361025592312217,0.9986446499824524,0.0001587959413882345,0.00022981344955042005,0.00041097323992289603,0.00021974401897750795,0.016824275255203247,0.8878712058067322,0.8747828602790833,0.7968061566352844,0.03208686411380768,0.48831573128700256
116368854361048135,"A Country supplying Military Weapons to Iran will be immediately tariffed, on any and all goods sold to the United States of America, 50%, effective immediately. There will be no exclusions or exemptions! President DJT",https://truthsocial.com/@realDonaldTrump/116368854361048135,0.008767557330429554,0.057796746492385864,0.0038881374057382345,0.9235159158706665,0.004122587852180004,0.001909129903651774,0.9394771456718445,0.7734060287475586,0.0008852011524140835,0.05335032939910889,0.06344840675592422,0.2693726420402527
116372497116210545,The Failing New York Times and Fake News CNN each reported a totally FAKE TEN POINT PLAN on the Iran negotiations which was meant to discredit the people involved in the peace process. All ten points were a made up HOAX - EVIL LOSERS!!! MAKE AMERICA GREAT AGAIN,https://truthsocial.com/@realDonaldTrump/116372497116210545,0.5886885523796082,0.03202395886182785,0.0019157684873789549,0.3681447505950928,0.007105952128767967,0.0021211367566138506,0.029957903549075127,0.19090428948402405,0.9317823648452759,0.6016994714736938,0.32823455333709717,0.9976028800010681
116524418935002706,"Based on the request of Pakistan and other Countries, the tremendous Military Success that we have had during the Campaign against the Country of Iran and, additionally, the fact that Great Progress has been made toward a Complete and Final Agreement with Representatives of Iran, we have mutually agreed that, while the Blockade will remain in full force and effect, Project Freedom (The Movement of Ships through the Strait of Hormuz) will be paused for a short period of time to see whether or not the Agreement can be finalized and signed. President DONALD J. TRUMP",https://truthsocial.com/@realDonaldTrump/116524418935002706,0.006136362906545401,0.932796061038971,0.00867647398263216,0.04238351806998253,0.007975238375365734,0.002032314892858267,0.06344595551490784,0.9718988537788391,0.8728080987930298,0.5593169927597046,0.00342518906109035,0.0974903404712677
116517438678419639,"Iran has taken some shots at unrelated Nations with respect to the Ship Movement, PROJECT FREEDOM, including a South Korean Cargo Ship. Perhaps it’s time for South Korea to come and join the mission! We’ve shot down seven small Boats or, as they like to call them, “fast” Boats. It’s all they have left. Other than the South Korean Ship, there has been, at this moment, no damage going through the Strait. Secretary of War Pete Hegseth and Chairman of the Joint Chiefs of Staff, Dan Caine, will have a News Conference tomorrow morning. Thank you for your attention to this matter! President DONALD J. TRUMP",https://truthsocial.com/@realDonaldTrump/116517438678419639,0.013403219170868397,0.20907318592071533,0.009659230709075928,0.7482609152793884,0.013450673781335354,0.006152684800326824,0.9042803645133972,0.969580888748169,0.0056308237835764885,0.11962331086397171,0.3110591471195221,0.4142480194568634
116512555123589170,"Countries from all over the World, almost all of which are not involved in the Middle Eastern dispute going on so visibly, and violently, for all to see, have asked the United States if we could help free up their Ships, which are locked up in the Strait of Hormuz, on something which they have absolutely nothing to do with — They are merely neutral and innocent bystanders! For the good of Iran, the Middle East, and the United States, we have told these Countries that we will guide their Ships safely out of these restricted Waterways, so that they can freely and ably get on with their business. Again, these are Ships from areas of the World that are not in any way involved with that which is currently taking place in the Middle East. I have told my Representatives to inform them that we will use best efforts to get their Ships and Crews safely out of the Strait. In all cases, they said they will not be returning until the area becomes safe for navigation, and everything else. This process, Project Freedom, will begin Monday morning, Middle East time. I am fully aware that my Representatives are having very positive discussions with the Country of Iran, and that these discussions could lead to something very positive for all. The Ship movement is merely meant to free up people, companies, and Countries that have done absolutely nothing wrong — They are victims of circumstance. This is a Humanitarian gesture on behalf of the United States, Middle Eastern Countries but, in particular, the Country of Iran. Many of these Ships are running low on food, and everything else necessary for largescale crews to stay on board in a healthy and sanitary manner. I think it would go a long way in showing Goodwill on behalf of all of those who have been fighting so strenuously over the last number of months. If, in any way, this Humanitarian process is interfered with, that interference will, unfortunately, have to be dealt with forcefully. Thank you for your attention to this matter!
DONALD J. TRUMP
PRESIDENT OF THE UNITED STATES OF AMERICA",https://truthsocial.com/@realDonaldTrump/116512555123589170,0.035253290086984634,0.9315147399902344,0.0014542380813509226,0.027698002755641937,0.0034108322579413652,0.0006688429857604206,0.00240704114548862,0.16126354038715363,0.2992732524871826,0.06321408599615097,0.01913611590862274,0.4018090069293976
116816735268373974,"Other Polls have my Approval Rating at 65%, and more! Like Journalists, Honest Pollsters are very rare and hard to find! President DJT
https://www.newsmax.com/mclaughlin/mclaughlin-poll-iran/2026/06/25/id/1260918/",https://truthsocial.com/@realDonaldTrump/116816735268373974,0.054152876138687134,0.7353058457374573,0.01701667346060276,0.03373739868402481,0.02989918552339077,0.12988793849945068,0.0813121646642685,0.6457653641700745,0.22554920613765717,0.24796763062477112,0.07478982210159302,0.7466318607330322
116817203281419093,"The Islamic Republic of Iran shot at least four One Way Attack Drones at Ships transversing the Strait of Hormuz. One of the Drones solidly hit the upper deck of a large and very expensive Cargo Carrying Ship. Damage was done, but the Ship was able to proceed on its way. We knocked down three other Drones. Obviously, this is a foolish violation of our Ceasefire Agreement. President DONALD J. TRUMP",https://truthsocial.com/@realDonaldTrump/116817203281419093,0.21131686866283417,0.02470398135483265,0.0022700875997543335,0.6168838143348694,0.14010415971279144,0.0047211190685629845,0.4653760492801666,0.6585440039634705,0.004211115185171366,0.9447751045227051,0.09907963126897812,0.4740145802497864
116824603632739697,"United States aircraft just struck Iranian missile and drone storage locations, and coastal radar sites, for violating the Cease Fire Agreement, AGAIN! It is very possible that they will never learn! There may come a point when we are no longer able to be reasonable, and will be forced to militarily complete the job that we very successfully started. If that happens, the Islamic Republic of Iran will no longer exist! President DJT",https://truthsocial.com/@realDonaldTrump/116824603632739697,0.013754318468272686,0.046218886971473694,0.0014543570578098297,0.9096158146858215,0.02724437229335308,0.0017122178105637431,0.9897837042808533,0.9899290204048157,0.0035661475267261267,0.4967871308326721,0.026555627584457397,0.35587140917778015
116825706034291064,Mack to the future: Trump touts Iran deal energy boom that could boost trucking biz: https://justthenews.com/government/white-house/mack-future-trump-touts-tariffs-and-iran-deal-energy-boom-will-boost,https://truthsocial.com/@realDonaldTrump/116825706034291064,0.004284024238586426,0.9744282364845276,0.0029577177483588457,0.010984566994011402,0.005506965797394514,0.0018386496230959892,0.010043858550488949,0.4521593749523163,0.5955016613006592,0.4727681279182434,0.012779953889548779,0.03349573165178299
116825821568797363,"Based on a very quick and boring briefing concerning the Magot Hagerman book about me, it is mostly made up, Fake News, largely fiction, as have been most of the things she has written about me for so many years. She is a third rate writer and intellect, who has made a first rate income because of your favorite President, ME. She was wrong about me on the Elections, although she knew I was going to win, BIG! She was wrong about me on the Russia, Russia, Russia Hoax, and she was wrong about me on just about everything else. But she continues to spew out garbage, and people continue to buy it. REMEMBER, I WON THE ELECTION, BIG - ALL SEVEN SWING STATES, THE POPULAR VOTE, 86% of the Counties…And they don’t have the audio tapes that they imply they have. Just another Margot Con Job! And Iran will never have a Nuclear Weapon!!! President DONALD J. TRUMP",https://truthsocial.com/@realDonaldTrump/116825821568797363,0.017970284447073936,0.10056329518556595,0.0056234123185276985,0.8687355518341064,0.0021157595328986645,0.004991693422198296,0.06233109161257744,0.8919343948364258,0.062195248901844025,0.23376783728599548,0.3657042682170868,0.9653729796409607
116886505160658220,"This is in retribution for yesterday’s bombing of ships by Iran. If it happens again, it will get much worse!",https://truthsocial.com/@realDonaldTrump/116886505160658220,0.0005347187980078161,0.0007190324831753969,0.0002933903888333589,0.9969624876976013,0.0012072331737726927,0.000283153000054881,0.9883502721786499,0.3225049376487732,0.0002647912479005754,0.10018161684274673,0.08282288908958435,0.4147989749908447
116896167446779964,"The Islamic Republic of Iran has asked us to continue “talks.” We have agreed to do so, but the United States has stated to them, in no uncertain terms, that the Cease Fire is OVER! Thank you for your attention to this matter. President DONALD J. TRUMP",https://truthsocial.com/@realDonaldTrump/116896167446779964,0.03200720623135567,0.649702250957489,0.012064595706760883,0.16035525500774384,0.13886331021785736,0.007007358595728874,0.5181809067726135,0.47117841243743896,0.9141915440559387,0.9476990103721619,0.03179558366537094,0.2898508310317993
116899176820572671,"1000 Missiles are Locked and Loaded and aimed at the Islamic Republic of Iran, with thousands of more to immediately follow, should the Iranian Government act on its threat, pronounced in many corners of the Globe, to assassinate, or attempt to assassinate, the sitting President of the United States of America, in this case, ME! Orders have already been given, and the U.S. Military is ready, willing, and able, for a one year period of time, subject to extension, to completely decimate and destroy all areas of Iran - PRAISE BE TO ALLAH! President DONALD J. TRUMP",https://truthsocial.com/@realDonaldTrump/116899176820572671,0.0040913172997534275,0.9069725275039673,0.0050043826922774315,0.058313895016908646,0.023112185299396515,0.002505694283172488,0.9995269775390625,0.9689005017280579,0.00033321738010272384,0.0006635159952566028,0.038802869617938995,0.3296421468257904
116913091653271692,"The Hormuz Strait is OPEN, and will remain OPEN, with or without Iran. We are reinstating the THE IRANIAN BLOCKADE, so named because it is only stopping Iran’s ships or customers from entering or leaving. All other countries will have fair and open use of the Strait. The U.S.A. will be, from this point forward, known as “THE GUARDIAN OF THE HORMUZ STRAIT,” but as such, and as a matter of FAIRNESS, will be reimbursed, at the rate of 20% on all cargo shipped, for any and all costs necessary to do the job of providing safety and security to this very volatile section of the World. The process and formation will begin immediately. Thank you for your attention to this matter! President DONALD J. TRUMP",https://truthsocial.com/@realDonaldTrump/116913091653271692,0.012607300654053688,0.6247673630714417,0.01684252917766571,0.3341618776321411,0.007084708195179701,0.004536124411970377,0.05928885564208031,0.7600816488265991,0.010527275502681732,0.040689703077077866,0.039624303579330444,0.2444433718919754
116918800567887958,Old clip of Trump talking about Iran in 1980 goes viral: https://wjla.com/news/nation-world/old-clip-of-trump-talking-about-iran-in-1980-goes-viral-israel-pete-hegseth-middle-east,https://truthsocial.com/@realDonaldTrump/116918800567887958,0.03268694877624512,0.36448460817337036,0.011961951851844788,0.5371993780136108,0.021090080961585045,0.032577116042375565,0.609880268573761,0.3358965814113617,0.7126554250717163,0.49708935618400574,0.04742305353283882,0.5947418212890625
116918822625387784,"Trump claims military victory, points to economic progress in the wake of first-stage Iran deal: https://www.washingtontimes.com/news/2026/jun/23/trump-claims-military-victory-points-economic-progress-wake-first/",https://truthsocial.com/@realDonaldTrump/116918822625387784,0.03520025685429573,0.6768818497657776,0.011284581385552883,0.25669699907302856,0.013452873565256596,0.006483500357717276,0.07245606929063797,0.9817066788673401,0.17795749008655548,0.8357821106910706,0.0008470044122077525,0.05666417255997658
116918941071241802,"Oil is flowing like never before, thanks to the awesome Power of the United States Military. A special salute to Secretary of War, Pete Hegseth, Chairman of the Joint Chiefs of Staff, Dan Caine, and Commander of the United States Central Command, Admiral Brad Cooper. Because of them, and all members of the Most Powerful Military anywhere in the World, BY FAR, the Strait of Hormuz is open to ALL Ship traffic except for Iran — and that is because of their lying, violent, malicious leadership, which is taking them down the path of TOTAL DESTRUCTION. We will therefore have a FULL Blockade, but only on Ships coming to and from Iranian ports, or carrying anything have to do with Iranian cargo. Based on highly productive conversations with Middle East leadership, I have decided to replace the 20% United States Reimbursement Fee with Trade and Investment Deals that the various Gulf States will be making into the United States. Those Investments will be MASSIVE but, at the same time, extraordinarily good for them, and their future. As everyone is aware, we have the largest Dollar Investment into the United States, of any Country in History, but these new Investments will make that Number even larger, and we will see Factories, Plants, and Equipment pour into the United States at Historic levels, which will create additional millions of High Paying AMERICAN Jobs! America is WINNING again, winning like never before. The days of Iran killing hundreds of thousands of people, including 52,000 protestors, are OVER and, most importantly, IRAN WILL NEVER HAVE A NUCLEAR WEAPON! Thank you for your attention to this matter. President DONALD J. TRUMP",https://truthsocial.com/@realDonaldTrump/116918941071241802,0.006617295555770397,0.13147816061973572,0.004660864360630512,0.850634753704071,0.002178385853767395,0.004430499393492937,0.5483659505844116,0.9951186776161194,0.06557735055685043,0.3122786581516266,0.03681783378124237,0.4341823160648346
116926450735170990,"Iran has allowed an American Citizen, who was wrongfully detained in December of 2024 under the “presidency” of Sleepy Joe Biden, to leave the Country. She is now safely outside of Iran, and in good condition. The United States of America appreciates this gesture of Goodwill by Iran! President DONALD J. TRUMP",https://truthsocial.com/@realDonaldTrump/116926450735170990,0.0004402270133141428,0.9752358198165894,0.023073242977261543,0.0005775978788733482,0.00029470500885508955,0.0003783982538152486,0.0006131006521172822,0.4626886546611786,0.4043828248977661,0.4603613018989563,0.00208098697476089,0.13530200719833374
116946506480346191,"Republicans should add Iran to the Russian Sanctions Bill. That’s what Lindsey wanted to do, and it was going to happen. IMPORTANT!!! President DJT",https://truthsocial.com/@realDonaldTrump/116946506480346191,0.0038022997323423624,0.9652681946754456,0.0024656213354319334,0.02296227030456066,0.0033459903206676245,0.0021557193249464035,0.0608518086373806,0.27021732926368713,0.19303569197654724,0.32586145401000977,0.03990912437438965,0.31740811467170715
116953296612438865,"Every time Iran kills an American Soldier they will pay for that killing many times over! This directive has been passed on to Secretary of War, Pete Hegseth, Chairman of the Joint Chiefs of Staff, Daniel Caine, and every Leader in the Military. President DONALD J. TRUMP",https://truthsocial.com/@realDonaldTrump/116953296612438865,0.004064347594976425,0.040072835981845856,0.005054608453065157,0.9392703175544739,0.008440949954092503,0.003096972592175007,0.9858183860778809,0.41834285855293274,0.0066763171926140785,0.41266554594039917,0.007004022132605314,0.2211197018623352
116953334292806992,"Benjamin Netanyahu will not be arrested, in any way, shape, or form, while in the United States of America. He is fighting against the Islamic Republic of Iran, which recently killed 52,000 innocent protestors, and has spent the last 47 years killing American Soldiers, and others. The only ones that should be arrested are the people that led Iran into this unprecedented SPIRAL OF DEATH AND DESTRUCTION, something that should have been dealt with years ago, by previous Presidents! President DONALD J. TRUMP",https://truthsocial.com/@realDonaldTrump/116953334292806992,0.0027774248737841845,0.018811112269759178,0.0015352665213868022,0.9188814163208008,0.05603567883372307,0.0019591073505580425,0.6905621290206909,0.6088000535964966,0.002879550913348794,0.15191078186035156,0.11669346690177917,0.528052031993866
116954623645571071,"I had a very good conversation with the new Prime Minister of the United Kingdom, Andy Burnham. We discussed many subjects, including the outstanding relationship we have had with the UK. We will be meeting in the not too distant future for topics of mutual interest. The Prime Minister has got a big job ahead of him, but he will be able to do it and, of course, the U.S.A. will be there to help! We discussed North Sea Oil, Trade, the Military Alliance, Demining of the Hormuz Strait, and many other topics. The call was interesting, and went very well. I wished Prime Minister Burnham, GOOD LUCK AND GODSPEED! President DONALD J. TRUMP",https://truthsocial.com/@realDonaldTrump/116954623645571071,0.0032047173008322716,0.9488176703453064,0.004180212039500475,0.017481492832303047,0.002206189092248678,0.02410978637635708,0.3765260577201843,0.9290910363197327,0.7999404668807983,0.8147087097167969,0.0902128741145134,0.6509245038032532
116959705309751797,"Afghanistan War: 20 years, 2,000 DEAD.
Iraq War: 9 years, 4,600 DEAD.
Vietnam War: 19 years and 5 months, 58,220 DEAD.
Korean War: 3 years and 1 month, 36,574 DEAD.
Venezuela War: 1 day, 0 DEAD.
Iran Military Conflict: 4 months, 18 DEAD.",https://truthsocial.com/@realDonaldTrump/116959705309751797,0.3566906452178955,0.03704048693180084,0.006392798852175474,0.5492798686027527,0.04652034863829613,0.0040758210234344006,0.9298276305198669,0.43677738308906555,0.011537205427885056,0.4061053693294525,0.08940259367227554,0.22070926427841187
116963738416841583,"From this point forward, any time the Islamic Republic of Iran shoots at a ship in the Strait of Hormuz, whether it be by Missile, Rocket, Drone, or any other device or weapon, the United States will bomb and destroy ONE BRIDGE OR POWER PLANT, including those located next to, or in, the Capital City of Tehran. Thank you for your attention to this matter! President DONALD J. TRUMP",https://truthsocial.com/@realDonaldTrump/116963738416841583,0.005854872986674309,0.8816637396812439,0.0481545589864254,0.05167325213551521,0.005249620880931616,0.00740394601598382,0.9994822144508362,0.9651946425437927,0.00027934988611377776,0.007259785663336515,0.010550477541983128,0.07489487528800964
116969149016233329,"The Civil Nuclear Deal (There will be no enrichment of material!) being made between the United States Department of Energy and Saudi Arabia, which pertains only to non-military use such as the ones that Iran and UAE (and others) already have, will be approved, but is totally subject to Saudi Arabia joining the very respected and successful Abraham Accords. The United States is not opposed to Civil (Non-Enriched) Nuclear Facilities. Thank you for your attention to this matter! President DONALD J. TRUMP",https://truthsocial.com/@realDonaldTrump/116969149016233329,0.0018242272781208158,0.913012683391571,0.07282605767250061,0.009926545433700085,0.0009832909563556314,0.001427187118679285,0.0007669078768230975,0.1974322348833084,0.9557490944862366,0.27619290351867676,0.021593842655420303,0.18917216360569
116969243226176328,"A year ago the United States of America attacked, very powerfully, the Houthis, for their interference with commerce and trade, by shooting at ships. Since that time, and during our conflict with Iran, they have acted very responsibly. Unfortunately, now they are starting up again, shooting at two Saudi Arabian ships last night. Please let this TRUTH serve to represent that if they do this again, the U.S. will hold Iran responsible, in that the Houthis are a Surrogate and/or Proxy of Iran, and major military punishment will be inflicted upon Iran and, of course, the Houthis, themselves, who I am very disappointed with in that they have, until now, acted very professionally and smart. Thank you for your attention to this matter! President DONALD J. TRUMP",https://truthsocial.com/@realDonaldTrump/116969243226176328,0.004342569969594479,0.010156484320759773,0.0012947312789037824,0.9822167158126831,0.0013898813631385565,0.0005995795363560319,0.9799565076828003,0.6278920769691467,0.0017710576066747308,0.021810969337821007,0.02514323778450489,0.22911132872104645
116971555718513784,"Please let this statement serve to represent, until further notice, that from this point forth, any and all damages done to Ships, Cargo, or anything related thereto, will be paid for by Iranian Money that the United States has in its possession, and controls. These damages may be very substantial but, nevertheless, this is the fair and equitable thing to do. Thank you for your attention to this matter! President DONALD J. TRUMP",https://truthsocial.com/@realDonaldTrump/116971555718513784,0.006202582735568285,0.9652804732322693,0.016650134697556496,0.009573347866535187,0.0007158084772527218,0.0015775414649397135,0.0030716105829924345,0.013120266608893871,0.011865797452628613,0.09462062269449234,0.0018234598683193326,0.0051079136319458485
116975606621428184,"President Xi, at our recent meeting in Beijing, China, told me that he would not, under any circumstances, give or sell Weapons to the Islamic Republic of Iran — And that statement included Chinese Companies. Considering our relationship, I take him at his word and, besides, l am doing him very big favors, also. Likewise, President Putin, despite the horrible War going on in Ukraine (The relationship remains, as it does with President Zelenskyy), told me that he would not sell Weapons to Iran. He understands that I do not sell Weapons to Ukraine, but to NATO Countries. They pay full price, and how those Weapons are distributed, I have no idea. Therefore, two major Countries that people speak of often in terms of Iran are, in my opinion, not participating. If they did, it would be very bad for them — Certainly not in their best interests. Thank you for your attention to this matter! President DONALD J. TRUMP",https://truthsocial.com/@realDonaldTrump/116975606621428184,0.44340142607688904,0.18993224203586578,0.005797465331852436,0.3563092350959778,0.0026729449164122343,0.001886662095785141,0.09139695763587952,0.5438084006309509,0.3232935070991516,0.20908279716968536,0.3737891912460327,0.4870915114879608
116976024406805765,"Thank you Prime Minister Radev!
Bulgaria Backs Trump, Approves US Air Base Support Despite Iran Threats: https://www.newsmax.com/newsfront/bulgaria-united-states-iran/2026/07/23/id/1263846/",https://truthsocial.com/@realDonaldTrump/116976024406805765,0.018838459625840187,0.8045142889022827,0.12249189615249634,0.029416551813483238,0.021605556830763817,0.0031332881189882755,0.2712513208389282,0.5178378820419312,0.17877911031246185,0.5040642023086548,0.007300348952412605,0.08880744129419327
